{
  "k1": -0.5465526020116684,
  "k2": 0.5842369623993589,
  "k3": 0.5556005677301491,
  "k4": 0.00485954260479253,
  "k5": 0.0025968770132281604,
  "k6": -0.0009055760169878543,
  "k7": -1.3905458094914471,
  "k8": 0.3541062529449593,
  "k9": 0.6872218960412478,
  "kb1": -1.754526150566211,
  "kb2": 5.257736830719417,
  "kb3": -0.838343393534732,
  "kb4": 1.2737713323314086,
  "kb5": 3.554925345953402,
  "kb6": 4.839577130547884,
  "kb7": 4.785044908718331,
  "kb8": 1.976601955259728,
  "kb9": 1.460164546503726,
  "kc1": 10.775852695580951,
  "kc2": -9.486096510619706,
  "kc3": -2.836762184862557,
  "m1": 1.9770255612013108,
  "m2": 1.7194280419269896,
  "m3": 0.7560811390369974,
  "m4": 0.22458040828128675,
  "m5": -0.28768293007746976,
  "m6": -0.35234992406547416,
  "m7": -0.005881258072341527,
  "m8": 0.018515365162091787,
  "m9": 0.008014962848490268,
  "mb1": -4.639572915022897,
  "mb2": 3.353510158607234,
  "mb3": -4.311936596867029,
  "mb4": -2.1979694632539415,
  "mb5": -2.9874730078139033,
  "mb6": 2.8646857021008523,
  "mb7": 0.11182243471511036,
  "mb8": -2.016430974127484,
  "mb9": -1.2535433680191765
}